"","year","country","continent","lifeExp","pop","gdpPercap"
"1",1952,"Afghanistan","Asia",28.801,8425333,779.4453145
"2",1952,"Albania","Europe",55.23,1282697,1601.056136
"3",1952,"Algeria","Africa",43.077,9279525,2449.008185
"4",1952,"Angola","Africa",30.015,4232095,3520.610273
"5",1952,"Argentina","Americas",62.485,17876956,5911.315053
"6",1952,"Australia","Oceania",69.12,8691212,10039.59564
"7",1952,"Austria","Europe",66.8,6927772,6137.076492
"8",1952,"Bahrain","Asia",50.939,120447,9867.084765
"9",1952,"Bangladesh","Asia",37.484,46886859,684.2441716
"10",1952,"Belgium","Europe",68,8730405,8343.105127
"11",1952,"Benin","Africa",38.223,1738315,1062.7522
"12",1952,"Bolivia","Americas",40.414,2883315,2677.326347
"13",1952,"Bosnia and Herzegovina","Europe",53.82,2791000,973.5331948
"14",1952,"Botswana","Africa",47.622,442308,851.2411407
"15",1952,"Brazil","Americas",50.917,56602560,2108.944355
"16",1952,"Bulgaria","Europe",59.6,7274900,2444.286648
"17",1952,"Burkina Faso","Africa",31.975,4469979,543.2552413
"18",1952,"Burundi","Africa",39.031,2445618,339.2964587
"19",1952,"Cambodia","Asia",39.417,4693836,368.4692856
"20",1952,"Cameroon","Africa",38.523,5009067,1172.667655
"21",1952,"Canada","Americas",68.75,14785584,11367.16112
"22",1952,"Central African Republic","Africa",35.463,1291695,1071.310713
"23",1952,"Chad","Africa",38.092,2682462,1178.665927
"24",1952,"Chile","Americas",54.745,6377619,3939.978789
"25",1952,"China","Asia",44,556263527,400.448611
"26",1952,"Colombia","Americas",50.643,12350771,2144.115096
"27",1952,"Comoros","Africa",40.715,153936,1102.990936
"28",1952,"Congo, Dem. Rep.","Africa",39.143,14100005,780.5423257
"29",1952,"Congo, Rep.","Africa",42.111,854885,2125.621418
"30",1952,"Costa Rica","Americas",57.206,926317,2627.009471
"31",1952,"Cote d'Ivoire","Africa",40.477,2977019,1388.594732
"32",1952,"Croatia","Europe",61.21,3882229,3119.23652
"33",1952,"Cuba","Americas",59.421,6007797,5586.53878
"34",1952,"Czech Republic","Europe",66.87,9125183,6876.14025
"35",1952,"Denmark","Europe",70.78,4334000,9692.385245
"36",1952,"Djibouti","Africa",34.812,63149,2669.529475
"37",1952,"Dominican Republic","Americas",45.928,2491346,1397.717137
"38",1952,"Ecuador","Americas",48.357,3548753,3522.110717
"39",1952,"Egypt","Africa",41.893,22223309,1418.822445
"40",1952,"El Salvador","Americas",45.262,2042865,3048.3029
"41",1952,"Equatorial Guinea","Africa",34.482,216964,375.6431231
"42",1952,"Eritrea","Africa",35.928,1438760,328.9405571
"43",1952,"Ethiopia","Africa",34.078,20860941,362.1462796
"44",1952,"Finland","Europe",66.55,4090500,6424.519071
"45",1952,"France","Europe",67.41,42459667,7029.809327
"46",1952,"Gabon","Africa",37.003,420702,4293.476475
"47",1952,"Gambia","Africa",30,284320,485.2306591
"48",1952,"Germany","Europe",67.5,69145952,7144.114393
"49",1952,"Ghana","Africa",43.149,5581001,911.2989371
"50",1952,"Greece","Europe",65.86,7733250,3530.690067
"51",1952,"Guatemala","Americas",42.023,3146381,2428.237769
"52",1952,"Guinea","Africa",33.609,2664249,510.1964923
"53",1952,"Guinea-Bissau","Africa",32.5,580653,299.850319
"54",1952,"Haiti","Americas",37.579,3201488,1840.366939
"55",1952,"Honduras","Americas",41.912,1517453,2194.926204
"56",1952,"Hong Kong, China","Asia",60.96,2125900,3054.421209
"57",1952,"Hungary","Europe",64.03,9504000,5263.673816
"58",1952,"Iceland","Europe",72.49,147962,7267.688428
"59",1952,"India","Asia",37.373,3.72e+08,546.5657493
"60",1952,"Indonesia","Asia",37.468,82052000,749.6816546
"61",1952,"Iran","Asia",44.869,17272000,3035.326002
"62",1952,"Iraq","Asia",45.32,5441766,4129.766056
"63",1952,"Ireland","Europe",66.91,2952156,5210.280328
"64",1952,"Israel","Asia",65.39,1620914,4086.522128
"65",1952,"Italy","Europe",65.94,47666000,4931.404155
"66",1952,"Jamaica","Americas",58.53,1426095,2898.530881
"67",1952,"Japan","Asia",63.03,86459025,3216.956347
"68",1952,"Jordan","Asia",43.158,607914,1546.907807
"69",1952,"Kenya","Africa",42.27,6464046,853.540919
"70",1952,"Korea, Dem. Rep.","Asia",50.056,8865488,1088.277758
"71",1952,"Korea, Rep.","Asia",47.453,20947571,1030.592226
"72",1952,"Kuwait","Asia",55.565,160000,108382.3529
"73",1952,"Lebanon","Asia",55.928,1439529,4834.804067
"74",1952,"Lesotho","Africa",42.138,748747,298.8462121
"75",1952,"Liberia","Africa",38.48,863308,575.5729961
"76",1952,"Libya","Africa",42.723,1019729,2387.54806
"77",1952,"Madagascar","Africa",36.681,4762912,1443.011715
"78",1952,"Malawi","Africa",36.256,2917802,369.1650802
"79",1952,"Malaysia","Asia",48.463,6748378,1831.132894
"80",1952,"Mali","Africa",33.685,3838168,452.3369807
"81",1952,"Mauritania","Africa",40.543,1022556,743.1159097
"82",1952,"Mauritius","Africa",50.986,516556,1967.955707
"83",1952,"Mexico","Americas",50.789,30144317,3478.125529
"84",1952,"Mongolia","Asia",42.244,800663,786.5668575
"85",1952,"Montenegro","Europe",59.164,413834,2647.585601
"86",1952,"Morocco","Africa",42.873,9939217,1688.20357
"87",1952,"Mozambique","Africa",31.286,6446316,468.5260381
"88",1952,"Myanmar","Asia",36.319,20092996,331
"89",1952,"Namibia","Africa",41.725,485831,2423.780443
"90",1952,"Nepal","Asia",36.157,9182536,545.8657229
"91",1952,"Netherlands","Europe",72.13,10381988,8941.571858
"92",1952,"New Zealand","Oceania",69.39,1994794,10556.57566
"93",1952,"Nicaragua","Americas",42.314,1165790,3112.363948
"94",1952,"Niger","Africa",37.444,3379468,761.879376
"95",1952,"Nigeria","Africa",36.324,33119096,1077.281856
"96",1952,"Norway","Europe",72.67,3327728,10095.42172
"97",1952,"Oman","Asia",37.578,507833,1828.230307
"98",1952,"Pakistan","Asia",43.436,41346560,684.5971438
"99",1952,"Panama","Americas",55.191,940080,2480.380334
"100",1952,"Paraguay","Americas",62.649,1555876,1952.308701
"101",1952,"Peru","Americas",43.902,8025700,3758.523437
"102",1952,"Philippines","Asia",47.752,22438691,1272.880995
"103",1952,"Poland","Europe",61.31,25730551,4029.329699
"104",1952,"Portugal","Europe",59.82,8526050,3068.319867
"105",1952,"Puerto Rico","Americas",64.28,2227000,3081.959785
"106",1952,"Reunion","Africa",52.724,257700,2718.885295
"107",1952,"Romania","Europe",61.05,16630000,3144.613186
"108",1952,"Rwanda","Africa",40,2534927,493.3238752
"109",1952,"Sao Tome and Principe","Africa",46.471,60011,879.5835855
"110",1952,"Saudi Arabia","Asia",39.875,4005677,6459.554823
"111",1952,"Senegal","Africa",37.278,2755589,1450.356983
"112",1952,"Serbia","Europe",57.996,6860147,3581.459448
"113",1952,"Sierra Leone","Africa",30.331,2143249,879.7877358
"114",1952,"Singapore","Asia",60.396,1127000,2315.138227
"115",1952,"Slovak Republic","Europe",64.36,3558137,5074.659104
"116",1952,"Slovenia","Europe",65.57,1489518,4215.041741
"117",1952,"Somalia","Africa",32.978,2526994,1135.749842
"118",1952,"South Africa","Africa",45.009,14264935,4725.295531
"119",1952,"Spain","Europe",64.94,28549870,3834.034742
"120",1952,"Sri Lanka","Asia",57.593,7982342,1083.53203
"121",1952,"Sudan","Africa",38.635,8504667,1615.991129
"122",1952,"Swaziland","Africa",41.407,290243,1148.376626
"123",1952,"Sweden","Europe",71.86,7124673,8527.844662
"124",1952,"Switzerland","Europe",69.62,4815000,14734.23275
"125",1952,"Syria","Asia",45.883,3661549,1643.485354
"126",1952,"Taiwan","Asia",58.5,8550362,1206.947913
"127",1952,"Tanzania","Africa",41.215,8322925,716.6500721
"128",1952,"Thailand","Asia",50.848,21289402,757.7974177
"129",1952,"Togo","Africa",38.596,1219113,859.8086567
"130",1952,"Trinidad and Tobago","Americas",59.1,662850,3023.271928
"131",1952,"Tunisia","Africa",44.6,3647735,1468.475631
"132",1952,"Turkey","Europe",43.585,22235677,1969.10098
"133",1952,"Uganda","Africa",39.978,5824797,734.753484
"134",1952,"United Kingdom","Europe",69.18,50430000,9979.508487
"135",1952,"United States","Americas",68.44,157553000,13990.48208
"136",1952,"Uruguay","Americas",66.071,2252965,5716.766744
"137",1952,"Venezuela","Americas",55.088,5439568,7689.799761
"138",1952,"Vietnam","Asia",40.412,26246839,605.0664917
"139",1952,"West Bank and Gaza","Asia",43.16,1030585,1515.592329
"140",1952,"Yemen, Rep.","Asia",32.548,4963829,781.7175761
"141",1952,"Zambia","Africa",42.038,2672000,1147.388831
"142",1952,"Zimbabwe","Africa",48.451,3080907,406.8841148
"143",1957,"Afghanistan","Asia",30.332,9240934,820.8530296
"144",1957,"Albania","Europe",59.28,1476505,1942.284244
"145",1957,"Algeria","Africa",45.685,10270856,3013.976023
"146",1957,"Angola","Africa",31.999,4561361,3827.940465
"147",1957,"Argentina","Americas",64.399,19610538,6856.856212
"148",1957,"Australia","Oceania",70.33,9712569,10949.64959
"149",1957,"Austria","Europe",67.48,6965860,8842.59803
"150",1957,"Bahrain","Asia",53.832,138655,11635.79945
"151",1957,"Bangladesh","Asia",39.348,51365468,661.6374577
"152",1957,"Belgium","Europe",69.24,8989111,9714.960623
"153",1957,"Benin","Africa",40.358,1925173,959.6010805
"154",1957,"Bolivia","Americas",41.89,3211738,2127.686326
"155",1957,"Bosnia and Herzegovina","Europe",58.45,3076000,1353.989176
"156",1957,"Botswana","Africa",49.618,474639,918.2325349
"157",1957,"Brazil","Americas",53.285,65551171,2487.365989
"158",1957,"Bulgaria","Europe",66.61,7651254,3008.670727
"159",1957,"Burkina Faso","Africa",34.906,4713416,617.1834648
"160",1957,"Burundi","Africa",40.533,2667518,379.5646281
"161",1957,"Cambodia","Asia",41.366,5322536,434.0383364
"162",1957,"Cameroon","Africa",40.428,5359923,1313.048099
"163",1957,"Canada","Americas",69.96,17010154,12489.95006
"164",1957,"Central African Republic","Africa",37.464,1392284,1190.844328
"165",1957,"Chad","Africa",39.881,2894855,1308.495577
"166",1957,"Chile","Americas",56.074,7048426,4315.622723
"167",1957,"China","Asia",50.54896,637408000,575.9870009
"168",1957,"Colombia","Americas",55.118,14485993,2323.805581
"169",1957,"Comoros","Africa",42.46,170928,1211.148548
"170",1957,"Congo, Dem. Rep.","Africa",40.652,15577932,905.8602303
"171",1957,"Congo, Rep.","Africa",45.053,940458,2315.056572
"172",1957,"Costa Rica","Americas",60.026,1112300,2990.010802
"173",1957,"Cote d'Ivoire","Africa",42.469,3300000,1500.895925
"174",1957,"Croatia","Europe",64.77,3991242,4338.231617
"175",1957,"Cuba","Americas",62.325,6640752,6092.174359
"176",1957,"Czech Republic","Europe",69.03,9513758,8256.343918
"177",1957,"Denmark","Europe",71.81,4487831,11099.65935
"178",1957,"Djibouti","Africa",37.328,71851,2864.969076
"179",1957,"Dominican Republic","Americas",49.828,2923186,1544.402995
"180",1957,"Ecuador","Americas",51.356,4058385,3780.546651
"181",1957,"Egypt","Africa",44.444,25009741,1458.915272
"182",1957,"El Salvador","Americas",48.57,2355805,3421.523218
"183",1957,"Equatorial Guinea","Africa",35.983,232922,426.0964081
"184",1957,"Eritrea","Africa",38.047,1542611,344.1618859
"185",1957,"Ethiopia","Africa",36.667,22815614,378.9041632
"186",1957,"Finland","Europe",67.49,4324000,7545.415386
"187",1957,"France","Europe",68.93,44310863,8662.834898
"188",1957,"Gabon","Africa",38.999,434904,4976.198099
"189",1957,"Gambia","Africa",32.065,323150,520.9267111
"190",1957,"Germany","Europe",69.1,71019069,10187.82665
"191",1957,"Ghana","Africa",44.779,6391288,1043.561537
"192",1957,"Greece","Europe",67.86,8096218,4916.299889
"193",1957,"Guatemala","Americas",44.142,3640876,2617.155967
"194",1957,"Guinea","Africa",34.558,2876726,576.2670245
"195",1957,"Guinea-Bissau","Africa",33.489,601095,431.7904566
"196",1957,"Haiti","Americas",40.696,3507701,1726.887882
"197",1957,"Honduras","Americas",44.665,1770390,2220.487682
"198",1957,"Hong Kong, China","Asia",64.75,2736300,3629.076457
"199",1957,"Hungary","Europe",66.41,9839000,6040.180011
"200",1957,"Iceland","Europe",73.47,165110,9244.001412
"201",1957,"India","Asia",40.249,4.09e+08,590.061996
"202",1957,"Indonesia","Asia",39.918,90124000,858.9002707
"203",1957,"Iran","Asia",47.181,19792000,3290.257643
"204",1957,"Iraq","Asia",48.437,6248643,6229.333562
"205",1957,"Ireland","Europe",68.9,2878220,5599.077872
"206",1957,"Israel","Asia",67.84,1944401,5385.278451
"207",1957,"Italy","Europe",67.81,49182000,6248.656232
"208",1957,"Jamaica","Americas",62.61,1535090,4756.525781
"209",1957,"Japan","Asia",65.5,91563009,4317.694365
"210",1957,"Jordan","Asia",45.669,746559,1886.080591
"211",1957,"Kenya","Africa",44.686,7454779,944.4383152
"212",1957,"Korea, Dem. Rep.","Asia",54.081,9411381,1571.134655
"213",1957,"Korea, Rep.","Asia",52.681,22611552,1487.593537
"214",1957,"Kuwait","Asia",58.033,212846,113523.1329
"215",1957,"Lebanon","Asia",59.489,1647412,6089.786934
"216",1957,"Lesotho","Africa",45.047,813338,335.9971151
"217",1957,"Liberia","Africa",39.486,975950,620.9699901
"218",1957,"Libya","Africa",45.289,1201578,3448.284395
"219",1957,"Madagascar","Africa",38.865,5181679,1589.20275
"220",1957,"Malawi","Africa",37.207,3221238,416.3698064
"221",1957,"Malaysia","Asia",52.102,7739235,1810.066992
"222",1957,"Mali","Africa",35.307,4241884,490.3821867
"223",1957,"Mauritania","Africa",42.338,1076852,846.1202613
"224",1957,"Mauritius","Africa",58.089,609816,2034.037981
"225",1957,"Mexico","Americas",55.19,35015548,4131.546641
"226",1957,"Mongolia","Asia",45.248,882134,912.6626085
"227",1957,"Montenegro","Europe",61.448,442829,3682.259903
"228",1957,"Morocco","Africa",45.423,11406350,1642.002314
"229",1957,"Mozambique","Africa",33.779,7038035,495.5868333
"230",1957,"Myanmar","Asia",41.905,21731844,350
"231",1957,"Namibia","Africa",45.226,548080,2621.448058
"232",1957,"Nepal","Asia",37.686,9682338,597.9363558
"233",1957,"Netherlands","Europe",72.99,11026383,11276.19344
"234",1957,"New Zealand","Oceania",70.26,2229407,12247.39532
"235",1957,"Nicaragua","Americas",45.432,1358828,3457.415947
"236",1957,"Niger","Africa",38.598,3692184,835.5234025
"237",1957,"Nigeria","Africa",37.802,37173340,1100.592563
"238",1957,"Norway","Europe",73.44,3491938,11653.97304
"239",1957,"Oman","Asia",40.08,561977,2242.746551
"240",1957,"Pakistan","Asia",45.557,46679944,747.0835292
"241",1957,"Panama","Americas",59.201,1063506,2961.800905
"242",1957,"Paraguay","Americas",63.196,1770902,2046.154706
"243",1957,"Peru","Americas",46.263,9146100,4245.256698
"244",1957,"Philippines","Asia",51.334,26072194,1547.944844
"245",1957,"Poland","Europe",65.77,28235346,4734.253019
"246",1957,"Portugal","Europe",61.51,8817650,3774.571743
"247",1957,"Puerto Rico","Americas",68.54,2260000,3907.156189
"248",1957,"Reunion","Africa",55.09,308700,2769.451844
"249",1957,"Romania","Europe",64.1,17829327,3943.370225
"250",1957,"Rwanda","Africa",41.5,2822082,540.2893983
"251",1957,"Sao Tome and Principe","Africa",48.945,61325,860.7369026
"252",1957,"Saudi Arabia","Asia",42.868,4419650,8157.591248
"253",1957,"Senegal","Africa",39.329,3054547,1567.653006
"254",1957,"Serbia","Europe",61.685,7271135,4981.090891
"255",1957,"Sierra Leone","Africa",31.57,2295678,1004.484437
"256",1957,"Singapore","Asia",63.179,1445929,2843.104409
"257",1957,"Slovak Republic","Europe",67.45,3844277,6093.26298
"258",1957,"Slovenia","Europe",67.85,1533070,5862.276629
"259",1957,"Somalia","Africa",34.977,2780415,1258.147413
"260",1957,"South Africa","Africa",47.985,16151549,5487.104219
"261",1957,"Spain","Europe",66.66,29841614,4564.80241
"262",1957,"Sri Lanka","Asia",61.456,9128546,1072.546602
"263",1957,"Sudan","Africa",39.624,9753392,1770.337074
"264",1957,"Swaziland","Africa",43.424,326741,1244.708364
"265",1957,"Sweden","Europe",72.49,7363802,9911.878226
"266",1957,"Switzerland","Europe",70.56,5126000,17909.48973
"267",1957,"Syria","Asia",48.284,4149908,2117.234893
"268",1957,"Taiwan","Asia",62.4,10164215,1507.86129
"269",1957,"Tanzania","Africa",42.974,9452826,698.5356073
"270",1957,"Thailand","Asia",53.63,25041917,793.5774148
"271",1957,"Togo","Africa",41.208,1357445,925.9083202
"272",1957,"Trinidad and Tobago","Americas",61.8,764900,4100.3934
"273",1957,"Tunisia","Africa",47.1,3950849,1395.232468
"274",1957,"Turkey","Europe",48.079,25670939,2218.754257
"275",1957,"Uganda","Africa",42.571,6675501,774.3710692
"276",1957,"United Kingdom","Europe",70.42,51430000,11283.17795
"277",1957,"United States","Americas",69.49,171984000,14847.12712
"278",1957,"Uruguay","Americas",67.044,2424959,6150.772969
"279",1957,"Venezuela","Americas",57.907,6702668,9802.466526
"280",1957,"Vietnam","Asia",42.887,28998543,676.2854478
"281",1957,"West Bank and Gaza","Asia",45.671,1070439,1827.067742
"282",1957,"Yemen, Rep.","Asia",33.97,5498090,804.8304547
"283",1957,"Zambia","Africa",44.077,3016000,1311.956766
"284",1957,"Zimbabwe","Africa",50.469,3646340,518.7642681
"285",1962,"Afghanistan","Asia",31.997,10267083,853.10071
"286",1962,"Albania","Europe",64.82,1728137,2312.888958
"287",1962,"Algeria","Africa",48.303,11000948,2550.81688
"288",1962,"Angola","Africa",34,4826015,4269.276742
"289",1962,"Argentina","Americas",65.142,21283783,7133.166023
"290",1962,"Australia","Oceania",70.93,10794968,12217.22686
"291",1962,"Austria","Europe",69.54,7129864,10750.72111
"292",1962,"Bahrain","Asia",56.923,171863,12753.27514
"293",1962,"Bangladesh","Asia",41.216,56839289,686.3415538
"294",1962,"Belgium","Europe",70.25,9218400,10991.20676
"295",1962,"Benin","Africa",42.618,2151895,949.4990641
"296",1962,"Bolivia","Americas",43.428,3593918,2180.972546
"297",1962,"Bosnia and Herzegovina","Europe",61.93,3349000,1709.683679
"298",1962,"Botswana","Africa",51.52,512764,983.6539764
"299",1962,"Brazil","Americas",55.665,76039390,3336.585802
"300",1962,"Bulgaria","Europe",69.51,8012946,4254.337839
"301",1962,"Burkina Faso","Africa",37.814,4919632,722.5120206
"302",1962,"Burundi","Africa",42.045,2961915,355.2032273
"303",1962,"Cambodia","Asia",43.415,6083619,496.9136476
"304",1962,"Cameroon","Africa",42.643,5793633,1399.607441
"305",1962,"Canada","Americas",71.3,18985849,13462.48555
"306",1962,"Central African Republic","Africa",39.475,1523478,1193.068753
"307",1962,"Chad","Africa",41.716,3150417,1389.817618
"308",1962,"Chile","Americas",57.924,7961258,4519.094331
"309",1962,"China","Asia",44.50136,665770000,487.6740183
"310",1962,"Colombia","Americas",57.863,17009885,2492.351109
"311",1962,"Comoros","Africa",44.467,191689,1406.648278
"312",1962,"Congo, Dem. Rep.","Africa",42.122,17486434,896.3146335
"313",1962,"Congo, Rep.","Africa",48.435,1047924,2464.783157
"314",1962,"Costa Rica","Americas",62.842,1345187,3460.937025
"315",1962,"Cote d'Ivoire","Africa",44.93,3832408,1728.869428
"316",1962,"Croatia","Europe",67.13,4076557,5477.890018
"317",1962,"Cuba","Americas",65.246,7254373,5180.75591
"318",1962,"Czech Republic","Europe",69.9,9620282,10136.86713
"319",1962,"Denmark","Europe",72.35,4646899,13583.31351
"320",1962,"Djibouti","Africa",39.693,89898,3020.989263
"321",1962,"Dominican Republic","Americas",53.459,3453434,1662.137359
"322",1962,"Ecuador","Americas",54.64,4681707,4086.114078
"323",1962,"Egypt","Africa",46.992,28173309,1693.335853
"324",1962,"El Salvador","Americas",52.307,2747687,3776.803627
"325",1962,"Equatorial Guinea","Africa",37.485,249220,582.8419714
"326",1962,"Eritrea","Africa",40.158,1666618,380.9958433
"327",1962,"Ethiopia","Africa",40.059,25145372,419.4564161
"328",1962,"Finland","Europe",68.75,4491443,9371.842561
"329",1962,"France","Europe",70.51,47124000,10560.48553
"330",1962,"Gabon","Africa",40.489,455661,6631.459222
"331",1962,"Gambia","Africa",33.896,374020,599.650276
"332",1962,"Germany","Europe",70.3,73739117,12902.46291
"333",1962,"Ghana","Africa",46.452,7355248,1190.041118
"334",1962,"Greece","Europe",69.51,8448233,6017.190733
"335",1962,"Guatemala","Americas",46.954,4208858,2750.364446
"336",1962,"Guinea","Africa",35.753,3140003,686.3736739
"337",1962,"Guinea-Bissau","Africa",34.488,627820,522.0343725
"338",1962,"Haiti","Americas",43.59,3880130,1796.589032
"339",1962,"Honduras","Americas",48.041,2090162,2291.156835
"340",1962,"Hong Kong, China","Asia",67.65,3305200,4692.648272
"341",1962,"Hungary","Europe",67.96,10063000,7550.359877
"342",1962,"Iceland","Europe",73.68,182053,10350.15906
"343",1962,"India","Asia",43.605,4.54e+08,658.3471509
"344",1962,"Indonesia","Asia",42.518,99028000,849.2897701
"345",1962,"Iran","Asia",49.325,22874000,4187.329802
"346",1962,"Iraq","Asia",51.457,7240260,8341.737815
"347",1962,"Ireland","Europe",70.29,2830000,6631.597314
"348",1962,"Israel","Asia",69.39,2310904,7105.630706
"349",1962,"Italy","Europe",69.24,50843200,8243.58234
"350",1962,"Jamaica","Americas",65.61,1665128,5246.107524
"351",1962,"Japan","Asia",68.73,95831757,6576.649461
"352",1962,"Jordan","Asia",48.126,933559,2348.009158
"353",1962,"Kenya","Africa",47.949,8678557,896.9663732
"354",1962,"Korea, Dem. Rep.","Asia",56.656,10917494,1621.693598
"355",1962,"Korea, Rep.","Asia",55.292,26420307,1536.344387
"356",1962,"Kuwait","Asia",60.47,358266,95458.11176
"357",1962,"Lebanon","Asia",62.094,1886848,5714.560611
"358",1962,"Lesotho","Africa",47.747,893143,411.8006266
"359",1962,"Liberia","Africa",40.502,1112796,634.1951625
"360",1962,"Libya","Africa",47.808,1441863,6757.030816
"361",1962,"Madagascar","Africa",40.848,5703324,1643.38711
"362",1962,"Malawi","Africa",38.41,3628608,427.9010856
"363",1962,"Malaysia","Asia",55.737,8906385,2036.884944
"364",1962,"Mali","Africa",36.936,4690372,496.1743428
"365",1962,"Mauritania","Africa",44.248,1146757,1055.896036
"366",1962,"Mauritius","Africa",60.246,701016,2529.067487
"367",1962,"Mexico","Americas",58.299,41121485,4581.609385
"368",1962,"Mongolia","Asia",48.251,1010280,1056.353958
"369",1962,"Montenegro","Europe",63.728,474528,4649.593785
"370",1962,"Morocco","Africa",47.924,13056604,1566.353493
"371",1962,"Mozambique","Africa",36.161,7788944,556.6863539
"372",1962,"Myanmar","Asia",45.108,23634436,388
"373",1962,"Namibia","Africa",48.386,621392,3173.215595
"374",1962,"Nepal","Asia",39.393,10332057,652.3968593
"375",1962,"Netherlands","Europe",73.23,11805689,12790.84956
"376",1962,"New Zealand","Oceania",71.24,2488550,13175.678
"377",1962,"Nicaragua","Americas",48.632,1590597,3634.364406
"378",1962,"Niger","Africa",39.487,4076008,997.7661127
"379",1962,"Nigeria","Africa",39.36,41871351,1150.927478
"380",1962,"Norway","Europe",73.47,3638919,13450.40151
"381",1962,"Oman","Asia",43.165,628164,2924.638113
"382",1962,"Pakistan","Asia",47.67,53100671,803.3427418
"383",1962,"Panama","Americas",61.817,1215725,3536.540301
"384",1962,"Paraguay","Americas",64.361,2009813,2148.027146
"385",1962,"Peru","Americas",49.096,10516500,4957.037982
"386",1962,"Philippines","Asia",54.757,30325264,1649.552153
"387",1962,"Poland","Europe",67.64,30329617,5338.752143
"388",1962,"Portugal","Europe",64.39,9019800,4727.954889
"389",1962,"Puerto Rico","Americas",69.62,2448046,5108.34463
"390",1962,"Reunion","Africa",57.666,358900,3173.72334
"391",1962,"Romania","Europe",66.8,18680721,4734.997586
"392",1962,"Rwanda","Africa",43,3051242,597.4730727
"393",1962,"Sao Tome and Principe","Africa",51.893,65345,1071.551119
"394",1962,"Saudi Arabia","Asia",45.914,4943029,11626.41975
"395",1962,"Senegal","Africa",41.454,3430243,1654.988723
"396",1962,"Serbia","Europe",64.531,7616060,6289.629157
"397",1962,"Sierra Leone","Africa",32.767,2467895,1116.639877
"398",1962,"Singapore","Asia",65.798,1750200,3674.735572
"399",1962,"Slovak Republic","Europe",70.33,4237384,7481.107598
"400",1962,"Slovenia","Europe",69.15,1582962,7402.303395
"401",1962,"Somalia","Africa",36.981,3080153,1369.488336
"402",1962,"South Africa","Africa",49.951,18356657,5768.729717
"403",1962,"Spain","Europe",69.69,31158061,5693.843879
"404",1962,"Sri Lanka","Asia",62.192,10421936,1074.47196
"405",1962,"Sudan","Africa",40.87,11183227,1959.593767
"406",1962,"Swaziland","Africa",44.992,370006,1856.182125
"407",1962,"Sweden","Europe",73.37,7561588,12329.44192
"408",1962,"Switzerland","Europe",71.32,5666000,20431.0927
"409",1962,"Syria","Asia",50.305,4834621,2193.037133
"410",1962,"Taiwan","Asia",65.2,11918938,1822.879028
"411",1962,"Tanzania","Africa",44.246,10863958,722.0038073
"412",1962,"Thailand","Asia",56.061,29263397,1002.199172
"413",1962,"Togo","Africa",43.922,1528098,1067.53481
"414",1962,"Trinidad and Tobago","Americas",64.9,887498,4997.523971
"415",1962,"Tunisia","Africa",49.579,4286552,1660.30321
"416",1962,"Turkey","Europe",52.098,29788695,2322.869908
"417",1962,"Uganda","Africa",45.344,7688797,767.2717398
"418",1962,"United Kingdom","Europe",70.76,53292000,12477.17707
"419",1962,"United States","Americas",70.21,186538000,16173.14586
"420",1962,"Uruguay","Americas",68.253,2598466,5603.357717
"421",1962,"Venezuela","Americas",60.77,8143375,8422.974165
"422",1962,"Vietnam","Asia",45.363,33796140,772.0491602
"423",1962,"West Bank and Gaza","Asia",48.127,1133134,2198.956312
"424",1962,"Yemen, Rep.","Asia",35.18,6120081,825.6232006
"425",1962,"Zambia","Africa",46.023,3421000,1452.725766
"426",1962,"Zimbabwe","Africa",52.358,4277736,527.2721818
"427",1967,"Afghanistan","Asia",34.02,11537966,836.1971382
"428",1967,"Albania","Europe",66.22,1984060,2760.196931
"429",1967,"Algeria","Africa",51.407,12760499,3246.991771
"430",1967,"Angola","Africa",35.985,5247469,5522.776375
"431",1967,"Argentina","Americas",65.634,22934225,8052.953021
"432",1967,"Australia","Oceania",71.1,11872264,14526.12465
"433",1967,"Austria","Europe",70.14,7376998,12834.6024
"434",1967,"Bahrain","Asia",59.923,202182,14804.6727
"435",1967,"Bangladesh","Asia",43.453,62821884,721.1860862
"436",1967,"Belgium","Europe",70.94,9556500,13149.04119
"437",1967,"Benin","Africa",44.885,2427334,1035.831411
"438",1967,"Bolivia","Americas",45.032,4040665,2586.886053
"439",1967,"Bosnia and Herzegovina","Europe",64.79,3585000,2172.352423
"440",1967,"Botswana","Africa",53.298,553541,1214.709294
"441",1967,"Brazil","Americas",57.632,88049823,3429.864357
"442",1967,"Bulgaria","Europe",70.42,8310226,5577.0028
"443",1967,"Burkina Faso","Africa",40.697,5127935,794.8265597
"444",1967,"Burundi","Africa",43.548,3330989,412.9775136
"445",1967,"Cambodia","Asia",45.415,6960067,523.4323142
"446",1967,"Cameroon","Africa",44.799,6335506,1508.453148
"447",1967,"Canada","Americas",72.13,20819767,16076.58803
"448",1967,"Central African Republic","Africa",41.478,1733638,1136.056615
"449",1967,"Chad","Africa",43.601,3495967,1196.810565
"450",1967,"Chile","Americas",60.523,8858908,5106.654313
"451",1967,"China","Asia",58.38112,754550000,612.7056934
"452",1967,"Colombia","Americas",59.963,19764027,2678.729839
"453",1967,"Comoros","Africa",46.472,217378,1876.029643
"454",1967,"Congo, Dem. Rep.","Africa",44.056,19941073,861.5932424
"455",1967,"Congo, Rep.","Africa",52.04,1179760,2677.939642
"456",1967,"Costa Rica","Americas",65.424,1588717,4161.727834
"457",1967,"Cote d'Ivoire","Africa",47.35,4744870,2052.050473
"458",1967,"Croatia","Europe",68.5,4174366,6960.297861
"459",1967,"Cuba","Americas",68.29,8139332,5690.268015
"460",1967,"Czech Republic","Europe",70.38,9835109,11399.44489
"461",1967,"Denmark","Europe",72.96,4838800,15937.21123
"462",1967,"Djibouti","Africa",42.074,127617,3020.050513
"463",1967,"Dominican Republic","Americas",56.751,4049146,1653.723003
"464",1967,"Ecuador","Americas",56.678,5432424,4579.074215
"465",1967,"Egypt","Africa",49.293,31681188,1814.880728
"466",1967,"El Salvador","Americas",55.855,3232927,4358.595393
"467",1967,"Equatorial Guinea","Africa",38.987,259864,915.5960025
"468",1967,"Eritrea","Africa",42.189,1820319,468.7949699
"469",1967,"Ethiopia","Africa",42.115,27860297,516.1186438
"470",1967,"Finland","Europe",69.83,4605744,10921.63626
"471",1967,"France","Europe",71.55,49569000,12999.91766
"472",1967,"Gabon","Africa",44.598,489004,8358.761987
"473",1967,"Gambia","Africa",35.857,439593,734.7829124
"474",1967,"Germany","Europe",70.8,76368453,14745.62561
"475",1967,"Ghana","Africa",48.072,8490213,1125.69716
"476",1967,"Greece","Europe",71,8716441,8513.097016
"477",1967,"Guatemala","Americas",50.016,4690773,3242.531147
"478",1967,"Guinea","Africa",37.197,3451418,708.7595409
"479",1967,"Guinea-Bissau","Africa",35.492,601287,715.5806402
"480",1967,"Haiti","Americas",46.243,4318137,1452.057666
"481",1967,"Honduras","Americas",50.924,2500689,2538.269358
"482",1967,"Hong Kong, China","Asia",70,3722800,6197.962814
"483",1967,"Hungary","Europe",69.5,10223422,9326.64467
"484",1967,"Iceland","Europe",73.73,198676,13319.89568
"485",1967,"India","Asia",47.193,5.06e+08,700.7706107
"486",1967,"Indonesia","Asia",45.964,109343000,762.4317721
"487",1967,"Iran","Asia",52.469,26538000,5906.731805
"488",1967,"Iraq","Asia",54.459,8519282,8931.459811
"489",1967,"Ireland","Europe",71.08,2900100,7655.568963
"490",1967,"Israel","Asia",70.75,2693585,8393.741404
"491",1967,"Italy","Europe",71.06,52667100,10022.40131
"492",1967,"Jamaica","Americas",67.51,1861096,6124.703451
"493",1967,"Japan","Asia",71.43,100825279,9847.788607
"494",1967,"Jordan","Asia",51.629,1255058,2741.796252
"495",1967,"Kenya","Africa",50.654,10191512,1056.736457
"496",1967,"Korea, Dem. Rep.","Asia",59.942,12617009,2143.540609
"497",1967,"Korea, Rep.","Asia",57.716,30131000,2029.228142
"498",1967,"Kuwait","Asia",64.624,575003,80894.88326
"499",1967,"Lebanon","Asia",63.87,2186894,6006.983042
"500",1967,"Lesotho","Africa",48.492,996380,498.6390265
"501",1967,"Liberia","Africa",41.536,1279406,713.6036483
"502",1967,"Libya","Africa",50.227,1759224,18772.75169
"503",1967,"Madagascar","Africa",42.881,6334556,1634.047282
"504",1967,"Malawi","Africa",39.487,4147252,495.5147806
"505",1967,"Malaysia","Asia",59.371,10154878,2277.742396
"506",1967,"Mali","Africa",38.487,5212416,545.0098873
"507",1967,"Mauritania","Africa",46.289,1230542,1421.145193
"508",1967,"Mauritius","Africa",61.557,789309,2475.387562
"509",1967,"Mexico","Americas",60.11,47995559,5754.733883
"510",1967,"Mongolia","Asia",51.253,1149500,1226.04113
"511",1967,"Montenegro","Europe",67.178,501035,5907.850937
"512",1967,"Morocco","Africa",50.335,14770296,1711.04477
"513",1967,"Mozambique","Africa",38.113,8680909,566.6691539
"514",1967,"Myanmar","Asia",49.379,25870271,349
"515",1967,"Namibia","Africa",51.159,706640,3793.694753
"516",1967,"Nepal","Asia",41.472,11261690,676.4422254
"517",1967,"Netherlands","Europe",73.82,12596822,15363.25136
"518",1967,"New Zealand","Oceania",71.52,2728150,14463.91893
"519",1967,"Nicaragua","Americas",51.884,1865490,4643.393534
"520",1967,"Niger","Africa",40.118,4534062,1054.384891
"521",1967,"Nigeria","Africa",41.04,47287752,1014.514104
"522",1967,"Norway","Europe",74.08,3786019,16361.87647
"523",1967,"Oman","Asia",46.988,714775,4720.942687
"524",1967,"Pakistan","Asia",49.8,60641899,942.4082588
"525",1967,"Panama","Americas",64.071,1405486,4421.009084
"526",1967,"Paraguay","Americas",64.951,2287985,2299.376311
"527",1967,"Peru","Americas",51.445,12132200,5788.09333
"528",1967,"Philippines","Asia",56.393,35356600,1814.12743
"529",1967,"Poland","Europe",69.61,31785378,6557.152776
"530",1967,"Portugal","Europe",66.6,9103000,6361.517993
"531",1967,"Puerto Rico","Americas",71.1,2648961,6929.277714
"532",1967,"Reunion","Africa",60.542,414024,4021.175739
"533",1967,"Romania","Europe",66.8,19284814,6470.866545
"534",1967,"Rwanda","Africa",44.1,3451079,510.9637142
"535",1967,"Sao Tome and Principe","Africa",54.425,70787,1384.840593
"536",1967,"Saudi Arabia","Asia",49.901,5618198,16903.04886
"537",1967,"Senegal","Africa",43.563,3965841,1612.404632
"538",1967,"Serbia","Europe",66.914,7971222,7991.707066
"539",1967,"Sierra Leone","Africa",34.113,2662190,1206.043465
"540",1967,"Singapore","Asia",67.946,1977600,4977.41854
"541",1967,"Slovak Republic","Europe",70.98,4442238,8412.902397
"542",1967,"Slovenia","Europe",69.18,1646912,9405.489397
"543",1967,"Somalia","Africa",38.977,3428839,1284.73318
"544",1967,"South Africa","Africa",51.927,20997321,7114.477971
"545",1967,"Spain","Europe",71.44,32850275,7993.512294
"546",1967,"Sri Lanka","Asia",64.266,11737396,1135.514326
"547",1967,"Sudan","Africa",42.858,12716129,1687.997641
"548",1967,"Swaziland","Africa",46.633,420690,2613.101665
"549",1967,"Sweden","Europe",74.16,7867931,15258.29697
"550",1967,"Switzerland","Europe",72.77,6063000,22966.14432
"551",1967,"Syria","Asia",53.655,5680812,1881.923632
"552",1967,"Taiwan","Asia",67.5,13648692,2643.858681
"553",1967,"Tanzania","Africa",45.757,12607312,848.2186575
"554",1967,"Thailand","Asia",58.285,34024249,1295.46066
"555",1967,"Togo","Africa",46.769,1735550,1477.59676
"556",1967,"Trinidad and Tobago","Americas",65.4,960155,5621.368472
"557",1967,"Tunisia","Africa",52.053,4786986,1932.360167
"558",1967,"Turkey","Europe",54.336,33411317,2826.356387
"559",1967,"Uganda","Africa",48.051,8900294,908.9185217
"560",1967,"United Kingdom","Europe",71.36,54959000,14142.85089
"561",1967,"United States","Americas",70.76,198712000,19530.36557
"562",1967,"Uruguay","Americas",68.468,2748579,5444.61962
"563",1967,"Venezuela","Americas",63.479,9709552,9541.474188
"564",1967,"Vietnam","Asia",47.838,39463910,637.1232887
"565",1967,"West Bank and Gaza","Asia",51.631,1142636,2649.715007
"566",1967,"Yemen, Rep.","Asia",36.984,6740785,862.4421463
"567",1967,"Zambia","Africa",47.768,3900000,1777.077318
"568",1967,"Zimbabwe","Africa",53.995,4995432,569.7950712
"569",1972,"Afghanistan","Asia",36.088,13079460,739.9811058
"570",1972,"Albania","Europe",67.69,2263554,3313.422188
"571",1972,"Algeria","Africa",54.518,14760787,4182.663766
"572",1972,"Angola","Africa",37.928,5894858,5473.288005
"573",1972,"Argentina","Americas",67.065,24779799,9443.038526
"574",1972,"Australia","Oceania",71.93,13177000,16788.62948
"575",1972,"Austria","Europe",70.63,7544201,16661.6256
"576",1972,"Bahrain","Asia",63.3,230800,18268.65839
"577",1972,"Bangladesh","Asia",45.252,70759295,630.2336265
"578",1972,"Belgium","Europe",71.44,9709100,16672.14356
"579",1972,"Benin","Africa",47.014,2761407,1085.796879
"580",1972,"Bolivia","Americas",46.714,4565872,2980.331339
"581",1972,"Bosnia and Herzegovina","Europe",67.45,3819000,2860.16975
"582",1972,"Botswana","Africa",56.024,619351,2263.611114
"583",1972,"Brazil","Americas",59.504,100840058,4985.711467
"584",1972,"Bulgaria","Europe",70.9,8576200,6597.494398
"585",1972,"Burkina Faso","Africa",43.591,5433886,854.7359763
"586",1972,"Burundi","Africa",44.057,3529983,464.0995039
"587",1972,"Cambodia","Asia",40.317,7450606,421.6240257
"588",1972,"Cameroon","Africa",47.049,7021028,1684.146528
"589",1972,"Canada","Americas",72.88,22284500,18970.57086
"590",1972,"Central African Republic","Africa",43.457,1927260,1070.013275
"591",1972,"Chad","Africa",45.569,3899068,1104.103987
"592",1972,"Chile","Americas",63.441,9717524,5494.024437
"593",1972,"China","Asia",63.11888,862030000,676.9000921
"594",1972,"Colombia","Americas",61.623,22542890,3264.660041
"595",1972,"Comoros","Africa",48.944,250027,1937.577675
"596",1972,"Congo, Dem. Rep.","Africa",45.989,23007669,904.8960685
"597",1972,"Congo, Rep.","Africa",54.907,1340458,3213.152683
"598",1972,"Costa Rica","Americas",67.849,1834796,5118.146939
"599",1972,"Cote d'Ivoire","Africa",49.801,6071696,2378.201111
"600",1972,"Croatia","Europe",69.61,4225310,9164.090127
"601",1972,"Cuba","Americas",70.723,8831348,5305.445256
"602",1972,"Czech Republic","Europe",70.29,9862158,13108.4536
"603",1972,"Denmark","Europe",73.47,4991596,18866.20721
"604",1972,"Djibouti","Africa",44.366,178848,3694.212352
"605",1972,"Dominican Republic","Americas",59.631,4671329,2189.874499
"606",1972,"Ecuador","Americas",58.796,6298651,5280.99471
"607",1972,"Egypt","Africa",51.137,34807417,2024.008147
"608",1972,"El Salvador","Americas",58.207,3790903,4520.246008
"609",1972,"Equatorial Guinea","Africa",40.516,277603,672.4122571
"610",1972,"Eritrea","Africa",44.142,2260187,514.3242082
"611",1972,"Ethiopia","Africa",43.515,30770372,566.2439442
"612",1972,"Finland","Europe",70.87,4639657,14358.8759
"613",1972,"France","Europe",72.38,51732000,16107.19171
"614",1972,"Gabon","Africa",48.69,537977,11401.94841
"615",1972,"Gambia","Africa",38.308,517101,756.0868363
"616",1972,"Germany","Europe",71,78717088,18016.18027
"617",1972,"Ghana","Africa",49.875,9354120,1178.223708
"618",1972,"Greece","Europe",72.34,8888628,12724.82957
"619",1972,"Guatemala","Americas",53.738,5149581,4031.408271
"620",1972,"Guinea","Africa",38.842,3811387,741.6662307
"621",1972,"Guinea-Bissau","Africa",36.486,625361,820.2245876
"622",1972,"Haiti","Americas",48.042,4698301,1654.456946
"623",1972,"Honduras","Americas",53.884,2965146,2529.842345
"624",1972,"Hong Kong, China","Asia",72,4115700,8315.928145
"625",1972,"Hungary","Europe",69.76,10394091,10168.65611
"626",1972,"Iceland","Europe",74.46,209275,15798.06362
"627",1972,"India","Asia",50.651,5.67e+08,724.032527
"628",1972,"Indonesia","Asia",49.203,121282000,1111.107907
"629",1972,"Iran","Asia",55.234,30614000,9613.818607
"630",1972,"Iraq","Asia",56.95,10061506,9576.037596
"631",1972,"Ireland","Europe",71.28,3024400,9530.772896
"632",1972,"Israel","Asia",71.63,3095893,12786.93223
"633",1972,"Italy","Europe",72.19,54365564,12269.27378
"634",1972,"Jamaica","Americas",69,1997616,7433.889293
"635",1972,"Japan","Asia",73.42,107188273,14778.78636
"636",1972,"Jordan","Asia",56.528,1613551,2110.856309
"637",1972,"Kenya","Africa",53.559,12044785,1222.359968
"638",1972,"Korea, Dem. Rep.","Asia",63.983,14781241,3701.621503
"639",1972,"Korea, Rep.","Asia",62.612,33505000,3030.87665
"640",1972,"Kuwait","Asia",67.712,841934,109347.867
"641",1972,"Lebanon","Asia",65.421,2680018,7486.384341
"642",1972,"Lesotho","Africa",49.767,1116779,496.5815922
"643",1972,"Liberia","Africa",42.614,1482628,803.0054535
"644",1972,"Libya","Africa",52.773,2183877,21011.49721
"645",1972,"Madagascar","Africa",44.851,7082430,1748.562982
"646",1972,"Malawi","Africa",41.766,4730997,584.6219709
"647",1972,"Malaysia","Asia",63.01,11441462,2849.09478
"648",1972,"Mali","Africa",39.977,5828158,581.3688761
"649",1972,"Mauritania","Africa",48.437,1332786,1586.851781
"650",1972,"Mauritius","Africa",62.944,851334,2575.484158
"651",1972,"Mexico","Americas",62.361,55984294,6809.40669
"652",1972,"Mongolia","Asia",53.754,1320500,1421.741975
"653",1972,"Montenegro","Europe",70.636,527678,7778.414017
"654",1972,"Morocco","Africa",52.862,16660670,1930.194975
"655",1972,"Mozambique","Africa",40.328,9809596,724.9178037
"656",1972,"Myanmar","Asia",53.07,28466390,357
"657",1972,"Namibia","Africa",53.867,821782,3746.080948
"658",1972,"Nepal","Asia",43.971,12412593,674.7881296
"659",1972,"Netherlands","Europe",73.75,13329874,18794.74567
"660",1972,"New Zealand","Oceania",71.89,2929100,16046.03728
"661",1972,"Nicaragua","Americas",55.151,2182908,4688.593267
"662",1972,"Niger","Africa",40.546,5060262,954.2092363
"663",1972,"Nigeria","Africa",42.821,53740085,1698.388838
"664",1972,"Norway","Europe",74.34,3933004,18965.05551
"665",1972,"Oman","Asia",52.143,829050,10618.03855
"666",1972,"Pakistan","Asia",51.929,69325921,1049.938981
"667",1972,"Panama","Americas",66.216,1616384,5364.249663
"668",1972,"Paraguay","Americas",65.815,2614104,2523.337977
"669",1972,"Peru","Americas",55.448,13954700,5937.827283
"670",1972,"Philippines","Asia",58.065,40850141,1989.37407
"671",1972,"Poland","Europe",70.85,33039545,8006.506993
"672",1972,"Portugal","Europe",69.26,8970450,9022.247417
"673",1972,"Puerto Rico","Americas",72.16,2847132,9123.041742
"674",1972,"Reunion","Africa",64.274,461633,5047.658563
"675",1972,"Romania","Europe",69.21,20662648,8011.414402
"676",1972,"Rwanda","Africa",44.6,3992121,590.5806638
"677",1972,"Sao Tome and Principe","Africa",56.48,76595,1532.985254
"678",1972,"Saudi Arabia","Asia",53.886,6472756,24837.42865
"679",1972,"Senegal","Africa",45.815,4588696,1597.712056
"680",1972,"Serbia","Europe",68.7,8313288,10522.06749
"681",1972,"Sierra Leone","Africa",35.4,2879013,1353.759762
"682",1972,"Singapore","Asia",69.521,2152400,8597.756202
"683",1972,"Slovak Republic","Europe",70.35,4593433,9674.167626
"684",1972,"Slovenia","Europe",69.82,1694510,12383.4862
"685",1972,"Somalia","Africa",40.973,3840161,1254.576127
"686",1972,"South Africa","Africa",53.696,23935810,7765.962636
"687",1972,"Spain","Europe",73.06,34513161,10638.75131
"688",1972,"Sri Lanka","Asia",65.042,13016733,1213.39553
"689",1972,"Sudan","Africa",45.083,14597019,1659.652775
"690",1972,"Swaziland","Africa",49.552,480105,3364.836625
"691",1972,"Sweden","Europe",74.72,8122293,17832.02464
"692",1972,"Switzerland","Europe",73.78,6401400,27195.11304
"693",1972,"Syria","Asia",57.296,6701172,2571.423014
"694",1972,"Taiwan","Asia",69.39,15226039,4062.523897
"695",1972,"Tanzania","Africa",47.62,14706593,915.9850592
"696",1972,"Thailand","Asia",60.405,39276153,1524.358936
"697",1972,"Togo","Africa",49.759,2056351,1649.660188
"698",1972,"Trinidad and Tobago","Americas",65.9,975199,6619.551419
"699",1972,"Tunisia","Africa",55.602,5303507,2753.285994
"700",1972,"Turkey","Europe",57.005,37492953,3450.69638
"701",1972,"Uganda","Africa",51.016,10190285,950.735869
"702",1972,"United Kingdom","Europe",72.01,56079000,15895.11641
"703",1972,"United States","Americas",71.34,209896000,21806.03594
"704",1972,"Uruguay","Americas",68.673,2829526,5703.408898
"705",1972,"Venezuela","Americas",65.712,11515649,10505.25966
"706",1972,"Vietnam","Asia",50.254,44655014,699.5016441
"707",1972,"West Bank and Gaza","Asia",56.532,1089572,3133.409277
"708",1972,"Yemen, Rep.","Asia",39.848,7407075,1265.047031
"709",1972,"Zambia","Africa",50.107,4506497,1773.498265
"710",1972,"Zimbabwe","Africa",55.635,5861135,799.3621758
